ln_wealth,log_hazard
16.68387,-2.302803
16.684011,-2.3032384
16.685453,-2.3036737
16.690147,-2.3041096
16.691282,-2.3045454
16.691896,-2.3049819
16.693624,-2.3054183
16.693668,-2.3058548
16.693668,-2.3062913
16.693726,-2.3067288
16.694231,-2.3071659
16.694288,-2.3076031
16.698914,-2.3080404
16.69953,-2.3084786
16.69953,-2.3089163
16.699697,-2.3093543
16.70388,-2.3097925
16.704159,-2.3102314
16.70677,-2.3106701
16.710262,-2.3111088
16.716053,-2.3115478
16.718958,-2.3119874
16.72003,-2.3124268
16.720661,-2.3128662
16.720661,-2.3133061
16.720989,-2.313746
16.721018,-2.3141866
16.722521,-2.3146269
16.724485,-2.3150673
16.725973,-2.3155081
16.726284,-2.3159494
16.726337,-2.3163905
16.726337,-2.3168318
16.726337,-2.3172734
16.726393,-2.3177156
16.72835,-2.3181574
16.72835,-2.3185995
16.72835,-2.3190417
16.72835,-2.3194847
16.72835,-2.3199272
16.728458,-2.3203702
16.728458,-2.3208132
16.728514,-2.3212569
16.728552,-2.3217003
16.729164,-2.322144
16.729219,-2.3225877
16.731972,-2.3230319
16.731998,-2.3234766
16.734043,-2.323921
16.734221,-2.3243656
16.734388,-2.3248105
16.734394,-2.3252561
16.73447,-2.3257012
16.737123,-2.3261466
16.737597,-2.3265922
16.738672,-2.3270385
16.741507,-2.3274846
16.74489,-2.3279307
16.746704,-2.3283772
16.746758,-2.3288243
16.746758,-2.3292711
16.746758,-2.3297181
16.746758,-2.3301654
16.747824,-2.3306134
16.748676,-2.3310609
16.748781,-2.3315086
16.751015,-2.3319566
16.752235,-2.3324049
16.752914,-2.3328538
16.754936,-2.3333025
16.75779,-2.3337512
16.758423,-2.3342001
16.759476,-2.33465
16.759529,-2.3350995
16.760265,-2.3355489
16.76045,-2.3359988
16.761948,-2.3364494
16.765041,-2.3368995
16.767452,-2.3373499
16.768127,-2.3378005
16.768597,-2.3382521
16.769066,-2.3387029
16.773073,-2.3391542
16.773645,-2.3396056
16.774469,-2.3400578
16.774502,-2.3405097
16.774519,-2.3409617
16.774551,-2.341414
16.774563,-2.3418665
16.774632,-2.3423197
16.775564,-2.3427725
16.778564,-2.3432257
16.780174,-2.343679
16.780819,-2.3441329
16.782227,-2.3445866
16.785105,-2.3450406
16.785463,-2.3454947
16.785976,-2.3459496
16.786283,-2.3464041
16.786362,-2.3468587
16.789278,-2.3473136
16.789406,-2.3477695
16.791172,-2.3482246
16.791555,-2.3486803
16.791754,-2.3491361
16.791857,-2.349592
16.792162,-2.3500488
16.79257,-2.3505051
16.792927,-2.3509617
16.793486,-2.3514185
16.79369,-2.351876
16.794809,-2.3523333
16.794809,-2.3527908
16.794809,-2.3532484
16.794809,-2.3537068
16.794809,-2.3541648
16.794962,-2.3546231
16.795464,-2.3550816
16.795824,-2.3555408
16.79759,-2.3559997
16.798563,-2.3564589
16.798979,-2.3569181
16.801294,-2.3573782
16.802202,-2.3578379
16.802454,-2.3582981
16.804626,-2.3587582
16.804823,-2.3592184
16.805124,-2.3596797
16.805883,-2.3601406
16.805899,-2.3606014
16.80628,-2.3610628
16.806551,-2.3615248
16.808439,-2.3619864
16.809692,-2.3624482
16.811058,-2.3629103
16.811073,-2.3633733
16.811073,-2.3638356
16.811108,-2.3642983
16.811108,-2.3647614
16.812592,-2.3652251
16.81381,-2.3656883
16.814575,-2.366152
16.814592,-2.3666158
16.814692,-2.3670805
16.815136,-2.3675447
16.815214,-2.3680091
16.815285,-2.3684738
16.815285,-2.3689384
16.815783,-2.3694043
16.815783,-2.3698695
16.815783,-2.3703351
16.822578,-2.3708007
16.823429,-2.3712673
16.824219,-2.3717334
16.826244,-2.3721998
16.8281,-2.3726664
16.828396,-2.3731339
16.828444,-2.373601
16.832211,-2.3740683
16.832779,-2.3745356
16.834496,-2.3750041
16.834911,-2.3754718
16.835379,-2.3759401
16.839563,-2.3764083
16.841433,-2.3768775
16.843002,-2.3773463
16.843081,-2.3778152
16.843203,-2.3782845
16.843758,-2.3787539
16.844097,-2.3792243
16.844145,-2.3796942
16.844204,-2.3801641
16.844387,-2.3806345
16.845547,-2.3811057
16.846416,-2.3815765
16.851425,-2.3820474
16.851885,-2.3825188
16.852001,-2.3829908
16.852875,-2.3834624
16.85569,-2.3839343
16.856073,-2.3844066
16.856121,-2.3848794
16.860128,-2.3853519
16.860462,-2.3858247
16.860462,-2.3862977
16.86051,-2.3867717
16.860889,-2.3872449
16.860985,-2.3877187
16.860985,-2.3881927
16.861708,-2.3886666
16.862459,-2.3891418
16.863075,-2.3896163
16.863176,-2.3900912
16.863419,-2.3905661
16.86438,-2.391042
16.869852,-2.3915174
16.872009,-2.391993
16.872391,-2.3924692
16.876945,-2.3929458
16.878252,-2.3934224
16.879648,-2.393899
16.879883,-2.3943756
16.880116,-2.3948534
16.880209,-2.3953307
16.881142,-2.3958082
16.882069,-2.396286
16.882097,-2.3967645
16.882107,-2.3972428
16.882252,-2.3977213
16.884029,-2.3981998
16.886026,-2.3986788
16.887793,-2.3991585
16.895676,-2.3996379
16.896112,-2.4001174
16.896158,-2.4005973
16.896158,-2.401078
16.896158,-2.4015582
16.896158,-2.4020386
16.897007,-2.4025195
16.897215,-2.4030011
16.89871,-2.4034822
16.898979,-2.4039636
16.899162,-2.4044454
16.901312,-2.4049277
16.902864,-2.4054101
16.90287,-2.4058924
16.904186,-2.4063749
16.904278,-2.4068584
16.904642,-2.4073415
16.904737,-2.4078248
16.905279,-2.4083083
16.905781,-2.408792
16.907436,-2.4092767
16.907825,-2.409761
16.908098,-2.4102454
16.90855,-2.4107299
16.908823,-2.4112155
16.909594,-2.4117007
16.912769,-2.4121861
16.91371,-2.4126718
16.916594,-2.4131584
16.917982,-2.4136443
16.918114,-2.4141307
16.918587,-2.4146173
16.918854,-2.4151049
16.918884,-2.415592
16.918989,-2.416079
16.919783,-2.4165666
16.919905,-2.4170551
16.921917,-2.4175432
16.924442,-2.4180315
16.925692,-2.4185197
16.925762,-2.4190085
16.925821,-2.4194982
16.925999,-2.4199874
16.926956,-2.4204769
16.927212,-2.4209664
16.927692,-2.4214571
16.930607,-2.4219472
16.931202,-2.4224377
16.93121,-2.4229283
16.931229,-2.4234197
16.931242,-2.4239109
16.931242,-2.4244022
16.931286,-2.4248939
16.93129,-2.4253864
16.931644,-2.4258785
16.931688,-2.4263709
16.931734,-2.4268634
16.931866,-2.427357
16.931906,-2.42785
16.932106,-2.4283433
16.93223,-2.4288368
16.932264,-2.4293306
16.932487,-2.4298253
16.932884,-2.4303195
16.934044,-2.430814
16.93408,-2.431309
16.935181,-2.4318047
16.935406,-2.4322999
16.936729,-2.4327953
16.937681,-2.433291
16.940208,-2.4337878
16.940296,-2.434284
16.940523,-2.4347804
16.940603,-2.4352772
16.941021,-2.4357748
16.94113,-2.4362721
16.941261,-2.4367695
16.941305,-2.4372673
16.941437,-2.4377658
16.941481,-2.4382641
16.941525,-2.4387627
16.941692,-2.4392614
16.944023,-2.4397602
16.944506,-2.4402602
16.945595,-2.4407597
16.947088,-2.4412594
16.948132,-2.4417593
16.950483,-2.4422603
16.950756,-2.4427607
16.950844,-2.4432614
16.950926,-2.4437623
16.950996,-2.4442642
16.951191,-2.4447658
16.951792,-2.4452674
16.952482,-2.4457693
16.953306,-2.4462724
16.953783,-2.4467747
16.953827,-2.4472775
16.953827,-2.4477806
16.953827,-2.4482844
16.953827,-2.4487879
16.954872,-2.4492917
16.956736,-2.4497957
16.957808,-2.4503
16.957846,-2.4508052
16.959835,-2.4513099
16.960266,-2.4518149
16.961046,-2.4523201
16.961557,-2.4528263
16.961815,-2.4533322
16.963278,-2.4538381
16.96615,-2.4543445
16.966518,-2.4548516
16.966793,-2.4553585
16.967606,-2.4558656
16.968336,-2.456373
16.968929,-2.4568813
16.969059,-2.4573891
16.96945,-2.4578972
16.969955,-2.4584055
16.970446,-2.4589148
16.970955,-2.4594235
16.97102,-2.4599328
16.971233,-2.4604421
16.971233,-2.4609518
16.975702,-2.4614625
16.976046,-2.4619725
16.978004,-2.4624829
16.980352,-2.4629936
16.98118,-2.4635053
16.981455,-2.4640164
16.982103,-2.4645281
16.98488,-2.4650397
16.987232,-2.4655526
16.98777,-2.4660647
16.988012,-2.4665773
16.99102,-2.4670901
16.994543,-2.4676037
16.995667,-2.468117
16.997105,-2.4686306
16.997868,-2.4691446
16.997952,-2.4696593
17.000334,-2.4701736
17.000809,-2.4706883
17.001892,-2.4712033
17.002325,-2.4717183
17.003061,-2.4722345
17.003105,-2.4727502
17.003384,-2.4732661
17.003494,-2.4737823
17.003639,-2.4742997
17.003927,-2.4748163
17.007673,-2.4753335
17.007673,-2.4758506
17.007673,-2.4763689
17.007673,-2.4768867
17.007755,-2.4774048
17.007837,-2.4779232
17.008863,-2.4784427
17.009007,-2.4789615
17.010134,-2.4794807
17.010376,-2.48
17.010418,-2.4805198
17.010786,-2.4810405
17.010868,-2.4815607
17.011036,-2.4820814
17.01124,-2.4826021
17.011278,-2.483124
17.013084,-2.4836452
17.013123,-2.4841669
17.013123,-2.4846888
17.013123,-2.4852116
17.013123,-2.485734
17.013123,-2.4862568
17.014591,-2.4867797
17.014877,-2.4873037
17.015081,-2.4878273
17.015081,-2.4883511
17.015121,-2.4888752
17.015121,-2.4894001
17.015121,-2.4899249
17.016752,-2.4904497
17.017565,-2.4909749
17.017654,-2.4915004
17.018272,-2.4920268
17.021301,-2.4925528
17.024134,-2.4930792
17.029112,-2.4936056
17.031502,-2.4941332
17.032272,-2.4946604
17.033154,-2.4951878
17.033186,-2.4957154
17.033285,-2.496244
17.035194,-2.4967723
17.035685,-2.4973009
17.038649,-2.4978297
17.04491,-2.4983594
17.046078,-2.4988887
17.046118,-2.4994183
17.046156,-2.4999483
17.046156,-2.5004792
17.046156,-2.5010097
17.046196,-2.5015404
17.048403,-2.5020714
17.048527,-2.5026028
17.049152,-2.5031352
17.049314,-2.5036669
17.049355,-2.504199
17.04937,-2.5047317
17.04941,-2.505265
17.04957,-2.5057981
17.051487,-2.5063314
17.053036,-2.506865
17.054111,-2.5073996
17.055922,-2.5079336
17.056149,-2.5084682
17.056383,-2.5090029
17.057829,-2.5095387
17.057869,-2.5100739
17.057869,-2.5106096
17.057869,-2.5111454
17.057869,-2.5116823
17.058727,-2.5122187
17.062119,-2.5127554
17.064178,-2.5132926
17.066544,-2.5138297
17.067705,-2.5143681
17.067743,-2.5149062
17.067743,-2.5154443
17.067743,-2.5159826
17.067743,-2.5165222
17.068823,-2.5170612
17.069155,-2.5176005
17.070108,-2.5181403
17.077389,-2.5186808
17.07959,-2.5192211
17.07967,-2.5197616
17.080851,-2.5203025
17.082644,-2.5208442
17.082727,-2.5213857
17.082998,-2.5219274
17.083025,-2.5224693
17.083824,-2.5230124
17.083862,-2.5235548
17.087965,-2.5240977
17.093832,-2.5246408
17.093945,-2.5251844
17.094021,-2.5257289
17.094511,-2.526273
17.095301,-2.5268173
17.095655,-2.5273619
17.095745,-2.5279076
17.096609,-2.5284529
17.100025,-2.5289984
17.102119,-2.5295441
17.106089,-2.530091
17.107094,-2.5306375
17.10754,-2.5311842
17.107763,-2.5317311
17.108952,-2.5322793
17.118795,-2.5328269
17.119022,-2.5333748
17.120253,-2.5339229
17.120829,-2.5344722
17.120987,-2.5350211
17.12137,-2.5355701
17.124332,-2.5361197
17.126116,-2.5366693
17.126492,-2.53722
17.12682,-2.5377705
17.126856,-2.538321
17.126856,-2.538872
17.12686,-2.5394239
17.126892,-2.5399756
17.129042,-2.5405273
17.133036,-2.5410795
17.135487,-2.5416327
17.136784,-2.5421855
17.138819,-2.5427387
17.142466,-2.543292
17.142555,-2.5438464
17.142914,-2.5444005
17.143026,-2.5449548
17.143061,-2.5455093
17.143179,-2.5460649
17.144352,-2.5466201
17.148243,-2.5471756
17.149553,-2.5477316
17.151991,-2.5482876
17.152699,-2.5488448
17.153008,-2.5494018
17.153328,-2.5499587
17.153484,-2.5505161
17.154705,-2.5510745
17.157318,-2.5516326
17.157707,-2.552191
17.157797,-2.5527496
17.159256,-2.5533092
17.159609,-2.5538685
17.159609,-2.5544281
17.159609,-2.5549879
17.159609,-2.5555489
17.162287,-2.5561094
17.170605,-2.5566702
17.17178,-2.5572314
17.174566,-2.5577936
17.177301,-2.5583553
17.177645,-2.5589175
17.178659,-2.55948
17.178812,-2.5600426
17.178909,-2.5606065
17.179356,-2.5611699
17.179594,-2.5617335
17.180908,-2.5622976
17.180908,-2.5628626
17.180908,-2.5634272
17.180908,-2.5639923
17.180908,-2.5645573
17.181219,-2.5651238
17.183283,-2.5656896
17.185045,-2.5662558
17.185516,-2.5668225
17.185837,-2.5673902
17.185837,-2.5679574
17.185871,-2.5685248
17.185905,-2.5690928
17.185905,-2.5696616
17.18741,-2.57023
17.187424,-2.5707989
17.188065,-2.571368
17.193302,-2.5719376
17.193621,-2.5725081
17.194193,-2.5730782
17.194275,-2.5736485
17.196709,-2.5742192
17.197186,-2.5747912
17.200308,-2.5753624
17.202204,-2.5759342
17.203335,-2.5765064
17.205208,-2.5770795
17.206104,-2.5776522
17.206812,-2.5782254
17.212532,-2.5787985
17.215178,-2.5793731
17.218607,-2.5799472
17.218945,-2.5805216
17.219503,-2.5810962
17.220541,-2.581672
17.221359,-2.5822475
17.224524,-2.582823
17.225502,-2.5833991
17.226229,-2.5839753
17.226957,-2.584553
17.226984,-2.58513
17.226986,-2.5857072
17.22702,-2.5862849
17.22702,-2.5868638
17.227436,-2.5874422
17.228373,-2.5880208
17.22867,-2.5885997
17.230431,-2.58918
17.233664,-2.5897596
17.235563,-2.5903397
17.237719,-2.59092
17.240002,-2.5915015
17.240639,-2.5920825
17.24374,-2.592664
17.2463,-2.5932457
17.250343,-2.5938284
17.250593,-2.5944109
17.251335,-2.5949936
17.251995,-2.5955768
17.257946,-2.5961602
17.259148,-2.5967445
17.26119,-2.5973287
17.263521,-2.5979133
17.264832,-2.5984979
17.265879,-2.5990839
17.266577,-2.5996692
17.266577,-2.600255
17.26873,-2.6008413
17.269199,-2.6014285
17.27183,-2.6020155
17.272017,-2.6026025
17.272049,-2.6031902
17.272049,-2.6037788
17.272049,-2.604367
17.272079,-2.6049557
17.274632,-2.6055446
17.274725,-2.6061344
17.276642,-2.606724
17.278666,-2.6073141
17.278696,-2.6079044
17.278696,-2.608495
17.278696,-2.6090868
17.278696,-2.6096783
17.280434,-2.6102698
17.283306,-2.610862
17.284927,-2.6114552
17.285877,-2.6120479
17.286686,-2.6126411
17.288271,-2.6132345
17.289028,-2.6138291
17.289787,-2.6144233
17.290421,-2.6150177
17.295397,-2.6156125
17.295397,-2.6162086
17.295414,-2.6168041
17.296011,-2.6174002
17.296011,-2.6179965
17.296043,-2.618593
17.296074,-2.6191909
17.296074,-2.6197882
17.296104,-2.6203859
17.296535,-2.6209841
17.296782,-2.6215832
17.298273,-2.6221821
17.299648,-2.6227813
17.303331,-2.6233807
17.304214,-2.6239815
17.305817,-2.6245816
17.308071,-2.6251822
17.308619,-2.6257832
17.310972,-2.6263852
17.31332,-2.626987
17.31444,-2.627589
17.316412,-2.6281915
17.316704,-2.6287949
17.325344,-2.6293981
17.325741,-2.6300015
17.326548,-2.6306055
17.327742,-2.6312096
17.329599,-2.631815
17.330185,-2.6324201
17.330215,-2.6330254
17.330215,-2.633631
17.330215,-2.634238
17.330215,-2.6348443
17.333454,-2.6354511
17.334085,-2.6360583
17.334906,-2.6366665
17.335173,-2.6372745
17.335173,-2.6378827
17.33535,-2.6384914
17.336119,-2.6391013
17.336119,-2.6397107
17.336119,-2.6403203
17.336119,-2.6409304
17.336119,-2.6415417
17.336355,-2.6421525
17.337156,-2.6427639
17.337156,-2.6433754
17.337187,-2.6439874
17.337187,-2.6446006
17.337187,-2.6452134
17.337242,-2.6458266
17.33798,-2.64644
17.338276,-2.6470547
17.338657,-2.6476688
17.339899,-2.6482835
17.343517,-2.6488986
17.34623,-2.6495147
17.347502,-2.6501305
17.347599,-2.6507466
17.349314,-2.6513631
17.35079,-2.6519809
17.353828,-2.6525981
17.355963,-2.6532159
17.356644,-2.6538339
17.356672,-2.654453
17.363586,-2.655072
17.363619,-2.6556911
17.364151,-2.6563106
17.366364,-2.6569307
17.368319,-2.6575518
17.373138,-2.6581726
17.373167,-2.6587937
17.373167,-2.659415
17.373196,-2.6600378
17.373196,-2.66066
17.374935,-2.6612828
17.376787,-2.6619058
17.377106,-2.6625302
17.377153,-2.6631539
17.379025,-2.6637781
17.379053,-2.6644027
17.379053,-2.6650286
17.379053,-2.6656539
17.379082,-2.6662798
17.380554,-2.6669059
17.38369,-2.6675334
17.384514,-2.6681602
17.384525,-2.6687877
17.38455,-2.6694155
17.384563,-2.6700435
17.384594,-2.6706729
17.385775,-2.6713018
17.386257,-2.671931
17.390087,-2.6725609
17.391165,-2.6731918
17.39315,-2.6738224
17.393557,-2.6744533
17.397278,-2.6750846
17.398001,-2.6757171
17.398613,-2.6763492
17.398834,-2.6769817
17.402052,-2.6776147
17.402052,-2.6782489
17.402052,-2.6788826
17.402081,-2.6795166
17.402081,-2.6801512
17.402662,-2.6807868
17.402662,-2.6814222
17.402662,-2.6820579
17.402662,-2.6826942
17.402689,-2.6833305
17.403271,-2.6839685
17.403934,-2.6846058
17.404417,-2.6852436
17.405647,-2.6858816
17.407246,-2.6865211
17.407307,-2.68716
17.409172,-2.6877995
17.411068,-2.6884394
17.411457,-2.6890805
17.416933,-2.6897209
17.417841,-2.690362
17.419336,-2.6910033
17.41935,-2.6916461
17.41935,-2.6922884
17.41935,-2.6929312
17.419376,-2.6935742
17.419376,-2.6942186
17.425131,-2.6948624
17.427412,-2.6955068
17.427536,-2.6961515
17.427549,-2.6967967
17.427984,-2.6974432
17.428831,-2.6980891
17.429262,-2.6987355
17.429478,-2.6993823
17.431335,-2.7000306
17.433807,-2.7006781
17.435629,-2.7013264
17.438116,-2.7019749
17.43857,-2.7026246
17.439718,-2.703274
17.439762,-2.7039237
17.439766,-2.7045739
17.439793,-2.7052255
17.439816,-2.7058764
17.439846,-2.7065279
17.443047,-2.7071798
17.447386,-2.7078331
17.447386,-2.7084858
17.448296,-2.7091389
17.453005,-2.7097926
17.45344,-2.7104466
17.456093,-2.711102
17.456171,-2.7117567
17.456829,-2.7124121
17.457117,-2.7130678
17.45764,-2.7137249
17.459654,-2.7143815
17.459837,-2.7150385
17.459837,-2.7156961
17.46513,-2.7163548
17.467388,-2.7170131
17.467596,-2.7176719
17.467648,-2.7183311
17.467752,-2.7189915
17.467804,-2.7196517
17.467834,-2.7203121
17.474819,-2.7209733
17.475187,-2.7216353
17.478636,-2.7222972
17.482195,-2.7229595
17.48592,-2.7236221
17.490957,-2.7242854
17.491634,-2.7249498
17.491659,-2.7256138
17.491659,-2.7262783
17.491659,-2.7269433
17.491659,-2.7276094
17.492443,-2.7282753
17.492655,-2.7289414
17.493193,-2.7296081
17.496721,-2.7302761
17.498646,-2.7309437
17.502108,-2.7316117
17.504753,-2.7322803
17.505589,-2.73295
17.506437,-2.7336195
17.507103,-2.7342892
17.508307,-2.7349594
17.508556,-2.735631
17.509924,-2.7363021
17.510248,-2.7369738
17.510546,-2.7376459
17.511688,-2.7383182
17.513548,-2.7389922
17.513733,-2.7396655
17.519869,-2.7403395
17.524733,-2.7410138
17.525049,-2.7416894
17.525259,-2.7423646
17.527544,-2.7430403
17.539227,-2.7437165
17.539227,-2.7443941
17.539249,-2.7450712
17.542048,-2.7457485
17.54207,-2.7464266
17.54207,-2.7471058
17.542095,-2.7477849
17.542095,-2.7484641
17.542286,-2.7491441
17.542917,-2.7498252
17.543779,-2.7505059
17.549232,-2.7511871
17.551893,-2.751869
17.554396,-2.7525511
17.557003,-2.7532346
17.557697,-2.7539177
17.560823,-2.7546012
17.56214,-2.7552853
17.564083,-2.7559705
17.565607,-2.7566555
17.566236,-2.7573409
17.566261,-2.7580268
17.566261,-2.7587142
17.566261,-2.7594008
17.566284,-2.7600882
17.568291,-2.760776
17.572487,-2.7614651
17.573578,-2.7621539
17.575537,-2.7628431
17.576967,-2.7635326
17.577036,-2.7642238
17.578859,-2.7649145
17.582832,-2.7656054
17.582855,-2.7662971
17.582855,-2.7669892
17.582878,-2.7676828
17.582901,-2.7683756
17.584009,-2.7690692
17.586859,-2.7697632
17.587582,-2.7704585
17.59231,-2.7711535
17.593313,-2.7718489
17.596594,-2.7725449
17.598518,-2.7732422
17.598562,-2.7739391
17.598745,-2.7746365
17.599133,-2.7753344
17.600574,-2.7760336
17.600744,-2.7767324
17.60104,-2.7774317
17.606827,-2.7781315
17.606873,-2.7788329
17.6075,-2.7795336
17.608259,-2.7802348
17.608458,-2.7809367
17.609379,-2.7816389
17.612026,-2.7823427
17.613831,-2.7830458
17.615849,-2.7837496
17.617432,-2.7844539
17.617517,-2.7851596
17.61754,-2.7858648
17.61754,-2.7865705
17.617563,-2.7872767
17.617563,-2.7879846
17.625124,-2.7886918
17.625977,-2.7893994
17.626474,-2.7901077
17.626486,-2.7908175
17.627359,-2.7915266
17.627493,-2.7922363
17.627625,-2.7929466
17.627647,-2.7936573
17.627668,-2.7943697
17.627668,-2.7950814
17.627668,-2.7957938
17.627802,-2.7965064
17.631943,-2.7972207
17.632524,-2.7979345
17.634233,-2.7986488
17.635424,-2.7993636
17.6355,-2.8000801
17.640116,-2.8007958
17.640387,-2.8015122
17.640409,-2.8022289
17.642368,-2.8029473
17.64337,-2.8036652
17.64337,-2.8043838
17.643913,-2.8051026
17.644892,-2.8058231
17.645824,-2.8065431
17.647602,-2.8072636
17.647949,-2.8079846
17.651758,-2.808706
17.652531,-2.8094292
17.654099,-2.8101516
17.656082,-2.8108747
17.656187,-2.8115983
17.656519,-2.8123236
17.657928,-2.8130481
17.657969,-2.8137734
17.658827,-2.8144991
17.660603,-2.8152263
17.661781,-2.815953
17.661781,-2.8166804
17.66197,-2.8174081
17.662098,-2.8181376
17.662397,-2.8188665
17.664555,-2.8195958
17.666147,-2.8203259
17.666487,-2.8210573
17.668934,-2.8217883
17.669062,-2.8225198
17.670328,-2.823252
17.672802,-2.8239846
17.673412,-2.8247187
17.674385,-2.8254526
17.674585,-2.8261867
17.675253,-2.8269215
17.676313,-2.8276579
17.678078,-2.8283937
17.679005,-2.8291302
17.681025,-2.8298671
17.681681,-2.8306055
17.681908,-2.8313437
17.682037,-2.8320823
17.682222,-2.8328214
17.68264,-2.8335621
17.683832,-2.8343022
17.683832,-2.835043
17.683832,-2.8357844
17.683832,-2.8365273
17.683853,-2.8372698
17.68574,-2.8380127
17.685946,-2.8387561
17.685955,-2.8395002
17.686068,-2.840246
17.68615,-2.840991
17.686441,-2.8417368
17.690641,-2.842483
17.692068,-2.843231
17.692558,-2.8439784
17.692558,-2.8447263
17.692848,-2.845475
17.693802,-2.846225
17.693935,-2.8469748
17.694111,-2.8477249
17.694639,-2.8484757
17.695629,-2.8492281
17.697235,-2.8499801
17.697937,-2.8507326
17.699423,-2.8514857
17.699617,-2.8522403
17.700266,-2.8529944
17.70047,-2.8537493
17.702871,-2.8545046
17.704224,-2.8552604
17.707567,-2.8560178
17.707855,-2.856775
17.708344,-2.8575325
17.709055,-2.8582907
17.7092,-2.8590505
17.70945,-2.8598099
17.71423,-2.86057
17.715157,-2.8613303
17.715275,-2.8620925
17.715946,-2.862854
17.719744,-2.8636165
17.725752,-2.8643792
17.734409,-2.8651435
17.734461,-2.8659077
17.734701,-2.8666723
17.740509,-2.8674374
17.741949,-2.8682041
17.742205,-2.8689704
17.742348,-2.8697374
17.748999,-2.8705049
17.749022,-2.871273
17.749207,-2.8720427
17.749222,-2.872812
17.74925,-2.8735819
17.749271,-2.8743522
17.749273,-2.8751245
17.750568,-2.875896
17.752069,-2.8766682
17.755587,-2.8774412
17.755869,-2.8782156
17.756668,-2.8789897
17.766216,-2.8797643
17.766312,-2.8805397
17.766369,-2.8813164
17.766811,-2.882093
17.767601,-2.88287
17.770134,-2.8836477
17.770134,-2.8844271
17.778837,-2.8852057
17.779331,-2.8859854
17.780033,-2.8867655
17.781509,-2.8875461
17.782837,-2.8883286
17.784292,-2.8891103
17.786497,-2.8898928
17.786982,-2.890676
17.786982,-2.8914609
17.787001,-2.8922453
17.787001,-2.8930302
17.787001,-2.8938158
17.787951,-2.894603
17.788158,-2.89539
17.78816,-2.8961773
17.788177,-2.8969655
17.788328,-2.8977551
17.788364,-2.8985445
17.788364,-2.8993344
17.794315,-2.900125
17.794991,-2.9009173
17.795416,-2.9017091
17.796713,-2.9025016
17.798403,-2.9032948
17.810787,-2.9040885
17.811123,-2.9048839
17.812378,-2.9056787
17.813749,-2.9064744
17.816046,-2.9072707
17.816469,-2.9080687
17.816486,-2.9088662
17.816486,-2.9096642
17.816505,-2.9104631
17.816505,-2.9112635
17.817228,-2.9120636
17.820913,-2.9128642
17.823771,-2.9136655
17.823921,-2.9144688
17.829639,-2.9152713
17.829657,-2.9160745
17.831263,-2.9168785
17.834299,-2.9176843
17.834988,-2.9184895
17.835575,-2.9192953
17.838682,-2.9201019
17.840963,-2.9209089
17.842779,-2.9217179
17.844481,-2.9225264
17.845417,-2.9233356
17.845652,-2.9241452
17.847485,-2.9249568
17.848547,-2.9257679
17.849733,-2.9265797
17.851377,-2.927392
17.852839,-2.9282062
17.854025,-2.9290199
17.854025,-2.9298344
17.860384,-2.9306495
17.861435,-2.9314663
17.861912,-2.9322827
17.861912,-2.9330997
17.861912,-2.9339175
17.861912,-2.934737
17.861929,-2.9355562
17.862448,-2.9363759
17.865416,-2.9371963
17.865606,-2.9380174
17.865705,-2.9388402
17.866356,-2.9396627
17.881304,-2.9404857
17.881508,-2.9413095
17.884977,-2.9421351
17.88599,-2.9429603
17.887304,-2.9437861
17.888422,-2.9446127
17.890774,-2.945441
17.891113,-2.9462688
17.891586,-2.9470975
17.891792,-2.9479268
17.896353,-2.9487579
17.896889,-2.9495885
17.897585,-2.9504199
17.89854,-2.9512517
17.898848,-2.9520857
17.899811,-2.952919
17.900686,-2.9537532
17.90283,-2.9545879
17.904741,-2.9554236
17.905813,-2.9562609
17.906368,-2.9570978
17.906855,-2.9579353
17.908693,-2.9587736
17.908991,-2.9596138
17.909349,-2.9604535
17.909552,-2.9612939
17.910934,-2.9621351
17.911903,-2.9629781
17.912037,-2.9638205
17.912037,-2.9646637
17.912052,-2.9655077
17.912052,-2.9663537
17.914516,-2.9671991
17.917244,-2.968045
17.91741,-2.9688919
17.917427,-2.9697406
17.917427,-2.9705889
17.917442,-2.9714379
17.917442,-2.9722877
17.917727,-2.9731381
17.918022,-2.9739902
17.918251,-2.9748421
17.919333,-2.9756949
17.919922,-2.9765482
17.919922,-2.9774034
17.919922,-2.9782581
17.919922,-2.9791136
17.919954,-2.97997
17.922153,-2.980828
17.922705,-2.9816859
17.927433,-2.9825442
17.928154,-2.9834034
17.928873,-2.9842646
17.92889,-2.9851253
17.929703,-2.9859867
17.930794,-2.9868488
17.931339,-2.9877117
17.931753,-2.9885764
17.932318,-2.9894409
17.937649,-2.9903061
17.940434,-2.9911721
17.941322,-2.9920397
17.944675,-2.9929073
17.945942,-2.9937754
17.950491,-2.9946442
17.950901,-2.9955151
17.951391,-2.9963856
17.95158,-2.9972568
17.951689,-2.9981287
17.953449,-2.9990025
17.954926,-2.999876
17.956434,-3.0007503
17.957602,-3.0016253
17.959743,-3.0025022
17.959831,-3.0033786
17.959999,-3.004256
17.962948,-3.0051341
17.963474,-3.0060129
17.963974,-3.0068936
17.96464,-3.0077741
17.965164,-3.0086553
17.967337,-3.0095372
17.968725,-3.010421
17.969318,-3.0113046
17.970995,-3.0121889
17.971357,-3.0130739
17.972336,-3.0139608
17.975952,-3.0148475
17.976149,-3.0157349
17.976688,-3.0166233
17.981096,-3.0175135
17.983206,-3.0184033
17.983698,-3.0192938
17.98439,-3.0201852
17.984636,-3.0210786
17.985991,-3.0219715
17.987703,-3.0228653
17.989157,-3.0237598
17.991348,-3.0246551
17.99231,-3.0255525
17.992889,-3.0264497
17.996685,-3.0273473
17.99922,-3.0282459
18.000198,-3.0291464
18.003988,-3.0300467
18.006104,-3.0309477
18.008308,-3.0318496
18.008371,-3.0327535
18.00856,-3.0336568
18.009636,-3.0345612
18.00979,-3.0354662
18.013042,-3.0363734
18.013269,-3.0372801
18.014425,-3.0381877
18.015162,-3.0390961
18.01528,-3.0400066
18.017899,-3.0409167
18.020365,-3.0418274
18.020592,-3.0427392
18.021372,-3.0436516
18.022032,-3.0445664
18.024609,-3.0454805
18.027399,-3.0463955
18.027399,-3.0473113
18.027399,-3.0482295
18.027399,-3.0491469
18.027414,-3.0500653
18.030714,-3.0509846
18.033934,-3.0519059
18.034754,-3.0528269
18.035532,-3.0537486
18.036528,-3.0546713
18.037603,-3.0555961
18.041605,-3.0565205
18.043016,-3.0574455
18.043133,-3.0583715
18.047945,-3.0592997
18.051176,-3.0602276
18.051332,-3.0611563
18.052057,-3.0620856
18.053509,-3.0630159
18.060572,-3.0639486
18.062632,-3.0648806
18.062847,-3.0658135
18.065826,-3.0667474
18.066776,-3.0676835
18.068365,-3.068619
18.068396,-3.0695555
18.069136,-3.0704927
18.069149,-3.0714324
18.071779,-3.0723715
18.072102,-3.0733113
18.080362,-3.0742524
18.080681,-3.0751953
18.082314,-3.076138
18.08342,-3.0770814
18.087099,-3.0780261
18.088907,-3.0789726
18.091427,-3.0799189
18.094936,-3.0808659
18.098373,-3.0818138
18.099957,-3.0827627
18.100283,-3.083714
18.100613,-3.0846646
18.10932,-3.0856164
18.111284,-3.0865688
18.111553,-3.0875235
18.112564,-3.0884778
18.123245,-3.0894332
18.125599,-3.0903893
18.12966,-3.0913477
18.138321,-3.0923057
18.142738,-3.0932646
18.145098,-3.0942245
18.148006,-3.0951865
18.148806,-3.0961483
18.148819,-3.0971107
18.148819,-3.0980744
18.148832,-3.0990403
18.149343,-3.1000056
18.149343,-3.1009719
18.149343,-3.1019392
18.149343,-3.1029074
18.149343,-3.1038778
18.14983,-3.1048479
18.150219,-3.105819
18.153351,-3.106791
18.153711,-3.1077652
18.157053,-3.1087391
18.15756,-3.1097138
18.15773,-3.1106896
18.157822,-3.1116676
18.15851,-3.1126454
18.160725,-3.1136241
18.160809,-3.1146035
18.164125,-3.1155856
18.164755,-3.1165669
18.165466,-3.1175494
18.165905,-3.1185329
18.166834,-3.1195188
18.167484,-3.1205041
18.167528,-3.1214905
18.167683,-3.1224778
18.167696,-3.123466
18.167774,-3.1244566
18.172424,-3.125447
18.17671,-3.1264381
18.177696,-3.1274304
18.18095,-3.1284251
18.183529,-3.1294193
18.184845,-3.1304145
18.186321,-3.1314106
18.187134,-3.1324091
18.18726,-3.1334074
18.18726,-3.1344066
18.18726,-3.1354067
18.18726,-3.1364093
18.188335,-3.1374114
18.191204,-3.1384146
18.195835,-3.1394188
18.197227,-3.1404254
18.202137,-3.1414316
18.202631,-3.1424389
18.202637,-3.1434472
18.203953,-3.1444564
18.206348,-3.145468
18.208334,-3.1464794
18.212492,-3.1474917
18.212559,-3.148505
18.212942,-3.1495209
18.213787,-3.1505363
18.214615,-3.1515527
18.214628,-3.15257
18.214628,-3.15359
18.216326,-3.1546097
18.216677,-3.1556301
18.217438,-3.1566517
18.218296,-3.157676
18.218414,-3.1586998
18.219984,-3.1597245
18.21999,-3.1607502
18.220879,-3.1617785
18.221014,-3.1628065
18.221014,-3.1638355
18.221014,-3.1648655
18.221014,-3.1658967
18.221031,-3.1669302
18.222189,-3.1679635
18.222986,-3.1689978
18.223242,-3.1700332
18.223404,-3.1710711
18.224482,-3.1721087
18.225845,-3.1731472
18.226978,-3.1741869
18.227785,-3.1752293
18.229631,-3.1762712
18.231657,-3.177314
18.232456,-3.1783581
18.233257,-3.1794047
18.233303,-3.1804509
18.234045,-3.1814983
18.235109,-3.1825466
18.235197,-3.1835976
18.238342,-3.1846483
18.238359,-3.1856999
18.238794,-3.1867528
18.240202,-3.1878068
18.241949,-3.1888633
18.246613,-3.1899195
18.246624,-3.1909769
18.246637,-3.1920352
18.246637,-3.1930962
18.246672,-3.1941569
18.248116,-3.1952186
18.252136,-3.1962814
18.25322,-3.1973472
18.254946,-3.1984122
18.255695,-3.1994786
18.256407,-3.200546
18.258385,-3.201616
18.258621,-3.2026858
18.258738,-3.2037568
18.259111,-3.2048287
18.262383,-3.2059033
18.26281,-3.2069778
18.263515,-3.2080534
18.26523,-3.2091298
18.271299,-3.2102077
18.271879,-3.2112882
18.272413,-3.2123682
18.273884,-3.2134497
18.274738,-3.2145321
18.27573,-3.2156172
18.281839,-3.216702
18.284037,-3.217788
18.28616,-3.2188752
18.286709,-3.2199652
18.286709,-3.2210548
18.286709,-3.2221456
18.286709,-3.2232375
18.286709,-3.2243321
18.287493,-3.2254264
18.287857,-3.226522
18.288748,-3.2276187
18.289326,-3.228718
18.289511,-3.2298172
18.289661,-3.2309177
18.289682,-3.2320192
18.289785,-3.2331219
18.292564,-3.2342274
18.298502,-3.2353327
18.301304,-3.2364392
18.302999,-3.2375469
18.303314,-3.2386572
18.304359,-3.2397673
18.307823,-3.2408788
18.307823,-3.2419913
18.307833,-3.2431066
18.307833,-3.2442217
18.307844,-3.2453382
18.308212,-3.2464557
18.308884,-3.247576
18.309872,-3.2486961
18.31105,-3.2498174
18.31105,-3.2509401
18.311062,-3.252064
18.311062,-3.2531905
18.311062,-3.254317
18.312004,-3.2554448
18.313452,-3.2565737
18.315596,-3.2577055
18.318186,-3.2588367
18.319191,-3.2599697
18.319649,-3.2611036
18.320177,-3.2622406
18.321899,-3.2633772
18.322363,-3.2645152
18.32271,-3.2656543
18.329334,-3.2667966
18.329803,-3.2679384
18.334644,-3.2690814
18.334721,-3.270226
18.338259,-3.2713733
18.341259,-3.2725203
18.342478,-3.2736688
18.343248,-3.2748184
18.349257,-3.2759695
18.349539,-3.2771235
18.351555,-3.2782772
18.351877,-3.2794321
18.351898,-3.2805884
18.354937,-3.2817478
18.355257,-3.2829068
18.362791,-3.2840672
18.363157,-3.285229
18.364101,-3.2863936
18.364735,-3.2875581
18.365093,-3.2887239
18.36755,-3.289891
18.368902,-3.2910612
18.369808,-3.2922311
18.373274,-3.2934022
18.374983,-3.294575
18.375196,-3.2957506
18.375422,-3.296926
18.37628,-3.2981029
18.376585,-3.2992809
18.378098,-3.3004606
18.379108,-3.3016431
18.379665,-3.3028255
18.381601,-3.3040092
18.381773,-3.3051944
18.384483,-3.3063824
18.384909,-3.3075705
18.385338,-3.3087597
18.385365,-3.3099506
18.385727,-3.3111444
18.388601,-3.3123381
18.39016,-3.3135331
18.390654,-3.3147297
18.392466,-3.3159292
18.394917,-3.3171287
18.39529,-3.3183293
18.396347,-3.3195317
18.396839,-3.3207371
18.399683,-3.3219421
18.402254,-3.3231487
18.402649,-3.3243568
18.402674,-3.3255663
18.402935,-3.3267791
18.403803,-3.3279915
18.404388,-3.3292055
18.405029,-3.3304207
18.406126,-3.3316393
18.41062,-3.3328578
18.412809,-3.3340776
18.41291,-3.335299
18.416964,-3.3365235
18.417234,-3.3377478
18.418758,-3.3389738
18.418859,-3.3402009
18.419399,-3.3414316
18.41951,-3.3426619
18.419512,-3.3438938
18.419512,-3.3451271
18.421753,-3.3463638
18.42244,-3.3476002
18.422632,-3.3488383
18.425257,-3.3500779
18.428648,-3.3513188
18.433132,-3.3525631
18.4345,-3.3538072
18.434687,-3.3550529
18.435141,-3.3563004
18.435816,-3.3575509
18.437519,-3.3588011
18.438492,-3.3600531
18.439737,-3.3613067
18.443085,-3.3625634
18.44383,-3.3638201
18.444534,-3.3650782
18.44471,-3.3663383
18.44775,-3.3676014
18.44813,-3.3688643
18.448929,-3.3701289
18.449764,-3.3713951
18.451132,-3.3726647
18.453913,-3.373934
18.454788,-3.375205
18.459146,-3.3764777
18.45915,-3.3777521
18.460854,-3.3790298
18.461391,-3.3803072
18.462503,-3.3815866
18.463596,-3.3828673
18.464151,-3.3841515
18.465033,-3.3854356
18.467039,-3.3867214
18.469156,-3.3880088
18.469479,-3.3892996
18.469479,-3.3905904
18.469479,-3.3918827
18.469488,-3.3931768
18.469488,-3.3944743
18.470251,-3.3957717
18.471697,-3.3970709
18.472038,-3.3983717
18.474325,-3.3996761
18.476793,-3.4009802
18.477034,-3.4022861
18.477755,-3.4035938
18.478251,-3.4049032
18.482574,-3.4062159
18.489687,-3.4075286
18.490002,-3.4088433
18.490431,-3.4101593
18.495073,-3.4114792
18.501314,-3.4127989
18.501818,-3.4141204
18.502832,-3.4154434
18.503874,-3.4167702
18.504879,-3.418097
18.505995,-3.4194255
18.507507,-3.4207556
18.508593,-3.4220896
18.508921,-3.4234233
18.509996,-3.4247589
18.510164,-3.4260962
18.510887,-3.4274373
18.511244,-3.4287782
18.512667,-3.4301209
18.51479,-3.4314654
18.515549,-3.4328117
18.515553,-3.4341619
18.515564,-3.4355118
18.515585,-3.4368637
18.515728,-3.4382174
18.515873,-3.4395747
18.516481,-3.440932
18.516781,-3.4422913
18.516882,-3.4436522
18.517635,-3.4450169
18.517889,-3.4463818
18.519516,-3.4477484
18.521963,-3.4491167
18.522461,-3.450489
18.524563,-3.4518614
18.525654,-3.4532354
18.526237,-3.4546113
18.527258,-3.4559913
18.527433,-3.457371
18.528278,-3.4587526
18.528307,-3.4601364
18.528337,-3.4615219
18.529192,-3.4629114
18.531668,-3.4643006
18.536057,-3.465692
18.536783,-3.4670854
18.536783,-3.4684825
18.536783,-3.4698796
18.536783,-3.4712787
18.536783,-3.4726799
18.541443,-3.4740849
18.543583,-3.4754899
18.543674,-3.4768968
18.544968,-3.4783058
18.545391,-3.4797187
18.550516,-3.4811318
18.550919,-3.4825466
18.553703,-3.4839637
18.554853,-3.4853845
18.557665,-3.4868054
18.55933,-3.4882286
18.560608,-3.4896536
18.561747,-3.4910808
18.561962,-3.4925117
18.562128,-3.493943
18.563719,-3.4953761
18.566355,-3.4968114
18.566597,-3.4982507
18.566856,-3.4996903
18.567505,-3.5011318
18.571348,-3.5025752
18.573935,-3.5040228
18.57515,-3.5054708
18.576044,-3.5069206
18.580585,-3.5083725
18.584763,-3.5098286
18.588293,-3.5112848
18.591284,-3.512743
18.594961,-3.5142035
18.597178,-3.5156682
18.606564,-3.5171328
18.610962,-3.5185997
18.613604,-3.5200686
18.618637,-3.5215399
18.618719,-3.5230153
18.621807,-3.5244908
18.632132,-3.5259686
18.635162,-3.5274484
18.635195,-3.5289326
18.635502,-3.530417
18.635748,-3.5319033
18.638361,-3.533392
18.639572,-3.5348852
18.64155,-3.5363781
18.646435,-3.5378735
18.646677,-3.5393713
18.646824,-3.5408733
18.650232,-3.5423753
18.650593,-3.5438797
18.651371,-3.5453863
18.653418,-3.5468974
18.658396,-3.5484087
18.658789,-3.5499222
18.659986,-3.5514379
18.662626,-3.5529561
18.670334,-3.5544786
18.671572,-3.5560012
18.67207,-3.5575264
18.673803,-3.5590537
18.674067,-3.5605855
18.674856,-3.5621176
18.675152,-3.563652
18.677076,-3.5651889
18.678551,-3.56673
18.683025,-3.5682716
18.684725,-3.5698154
18.686132,-3.5713618
18.688402,-3.5729127
18.688532,-3.5744636
18.688669,-3.5760171
18.689802,-3.5775731
18.690502,-3.5791314
18.697313,-3.5806944
18.703482,-3.5822575
18.70475,-3.5838232
18.705832,-3.5853913
18.70689,-3.5869641
18.708509,-3.5885372
18.712313,-3.5901127
18.712524,-3.5916905
18.713686,-3.5932734
18.714209,-3.5948563
18.716375,-3.596442
18.718351,-3.5980299
18.722395,-3.5996227
18.723795,-3.6012158
18.72448,-3.6028113
18.72448,-3.6044097
18.724487,-3.6060126
18.724501,-3.6076159
18.724552,-3.6092217
18.725986,-3.6108303
18.727486,-3.6124413
18.730669,-3.6140573
18.730886,-3.6156735
18.733118,-3.6172924
18.735369,-3.6189139
18.738882,-3.6205404
18.740931,-3.6221671
18.744392,-3.6237967
18.748383,-3.6254287
18.749332,-3.6270659
18.750116,-3.6287034
18.750185,-3.6303434
18.750338,-3.6319864
18.752293,-3.6336341
18.754995,-3.6352823
18.756367,-3.6369333
18.76193,-3.638587
18.762249,-3.6402459
18.764992,-3.6419051
18.769831,-3.6435671
18.770052,-3.6452317
18.770517,-3.6468992
18.771463,-3.6485717
18.771978,-3.650245
18.774071,-3.6519208
18.77442,-3.6535995
18.774565,-3.6552835
18.780312,-3.6569676
18.781113,-3.6586549
18.781393,-3.6603451
18.782045,-3.6620402
18.783592,-3.6637361
18.789579,-3.6654348
18.79064,-3.6671364
18.791637,-3.668843
18.792166,-3.6705506
18.793915,-3.6722608
18.795374,-3.673974
18.800232,-3.6756926
18.80356,-3.6774118
18.805256,-3.6791339
18.809446,-3.6808589
18.809546,-3.6825869
18.817949,-3.6843204
18.822432,-3.6860545
18.832541,-3.6877913
18.833584,-3.6895316
18.833914,-3.691277
18.836926,-3.6930232
18.839897,-3.6947725
18.844095,-3.6965246
18.848675,-3.6982825
18.852644,-3.7000408
18.853411,-3.7018025
18.868023,-3.703567
18.868572,-3.7053373
18.869703,-3.707108
18.877705,-3.7088821
18.881001,-3.7106593
18.881542,-3.7124422
18.884974,-3.7142258
18.887636,-3.7160125
18.887798,-3.7178023
18.887882,-3.7195954
18.888962,-3.7213943
18.889978,-3.7231939
18.890221,-3.7249968
18.890224,-3.7268028
18.896358,-3.7286148
18.896379,-3.7304273
18.896408,-3.7322433
18.899206,-3.7340624
18.900328,-3.7358875
18.900948,-3.7377136
18.904825,-3.7395427
18.908665,-3.7413752
18.908697,-3.7432137
18.911804,-3.7450531
18.920593,-3.7468958
18.92086,-3.7487419
18.922747,-3.7505939
18.922754,-3.7524469
18.924976,-3.7543035
18.925053,-3.7561631
18.926317,-3.7580266
18.931496,-3.759896
18.93223,-3.7617662
18.93466,-3.7636399
18.941008,-3.7655172
18.94562,-3.7674007
18.946255,-3.7692852
18.946911,-3.7711732
18.947937,-3.7730646
18.948164,-3.7749624
18.949696,-3.7768612
18.950008,-3.7787635
18.950909,-3.7806695
18.952084,-3.7825816
18.960058,-3.7844949
18.96253,-3.7864118
18.965746,-3.7883325
18.965816,-3.7902594
18.967442,-3.7921875
18.970167,-3.7941191
18.975149,-3.7960546
18.978354,-3.7979939
18.981752,-3.7999394
18.983252,-3.8018863
18.984344,-3.8038368
18.985994,-3.8057911
18.992531,-3.8077521
18.992857,-3.8097141
18.99297,-3.8116801
18.995394,-3.8136499
18.996277,-3.8156264
18.997721,-3.8176038
18.998472,-3.8195853
19.001959,-3.8215709
19.004158,-3.8235631
19.006563,-3.8255563
19.007111,-3.8275537
19.008097,-3.829555
19.009951,-3.8315632
19.010109,-3.8335726
19.010344,-3.8355861
19.011648,-3.8376036
19.01292,-3.8396251
19.020056,-3.8416536
19.024321,-3.8436835
19.02463,-3.8457172
19.038191,-3.8477554
19.041199,-3.8498003
19.041208,-3.8518469
19.041456,-3.8538973
19.042009,-3.8559523
19.043434,-3.8580141
19.04369,-3.8600774
19.04488,-3.8621449
19.049677,-3.8642168
19.053133,-3.8662958
19.053514,-3.8683765
19.057814,-3.8704612
19.061113,-3.8725505
19.063629,-3.8746469
19.065378,-3.8767447
19.067795,-3.8788471
19.077217,-3.880954
19.085711,-3.8830652
19.088852,-3.8851838
19.09288,-3.8873041
19.098761,-3.8894286
19.100155,-3.8915579
19.105459,-3.8936946
19.107603,-3.895833
19.10792,-3.8979759
19.109112,-3.9001234
19.118242,-3.9022787
19.134958,-3.9044354
19.138067,-3.9065969
19.14411,-3.9087629
19.148174,-3.9109368
19.15377,-3.9131124
19.154192,-3.9152927
19.165718,-3.9174778
19.166691,-3.9196706
19.167305,-3.9218652
19.169563,-3.9240649
19.173044,-3.9262691
19.177446,-3.9284785
19.179199,-3.9306955
19.181196,-3.9329145
19.183914,-3.9351385
19.185818,-3.9373674
19.187956,-3.9396045
19.188332,-3.9418433
19.188389,-3.9440873
19.190369,-3.9463363
19.190495,-3.9485934
19.191481,-3.9508526
19.193254,-3.9531169
19.194666,-3.9553862
19.205219,-3.957664
19.208502,-3.9599438
19.213673,-3.9622285
19.216263,-3.9645188
19.218653,-3.9668174
19.220469,-3.9691181
19.221722,-3.9714243
19.226656,-3.9737356
19.228813,-3.9760523
19.237623,-3.9783776
19.237715,-3.9807053
19.250893,-3.9830382
19.255917,-3.9853766
19.257343,-3.9877238
19.259348,-3.9900732
19.259535,-3.9924281
19.261213,-3.9947886
19.265076,-3.9971578
19.268095,-3.9995296
19.273653,-4.0019069
19.27562,-4.0042901
19.281277,-4.0066819
19.282328,-4.0090766
19.289063,-4.0114765
19.292217,-4.0138826
19.293316,-4.0162978
19.293644,-4.0187154
19.299488,-4.0211387
19.300354,-4.0235682
19.300713,-4.0260034
19.301918,-4.0284476
19.302202,-4.0308952
19.303246,-4.0333481
19.304064,-4.0358076
19.307106,-4.0382762
19.310019,-4.0407476
19.310364,-4.0432248
19.324785,-4.0457087
19.33152,-4.048202
19.335594,-4.0506978
19.338659,-4.0532002
19.341692,-4.0557089
19.343626,-4.0582271
19.345367,-4.0607486
19.345488,-4.0632763
19.346279,-4.0658102
19.346567,-4.0683541
19.35104,-4.0709009
19.359797,-4.0734544
19.360151,-4.0760145
19.36228,-4.0785809
19.365213,-4.0811577
19.372026,-4.0837374
19.37211,-4.0863242
19.373362,-4.0889173
19.373898,-4.0915208
19.374495,-4.0941272
19.376427,-4.0967407
19.37657,-4.0993614
19.38031,-4.1019921
19.381851,-4.1046262
19.382215,-4.1072674
19.385015,-4.1099157
19.386311,-4.1125746
19.391338,-4.1152368
19.393295,-4.1179061
19.39744,-4.1205826
19.399916,-4.1232662
19.400938,-4.1259608
19.401405,-4.1286592
19.401505,-4.1313643
19.401642,-4.1340775
19.401781,-4.1368012
19.403282,-4.1395288
19.403463,-4.1422639
19.409288,-4.1450067
19.413906,-4.1477604
19.413969,-4.1505184
19.414377,-4.1532836
19.42042,-4.1560564
19.428087,-4.1588411
19.43001,-4.1616297
19.431046,-4.1644258
19.436266,-4.1672301
19.436773,-4.1700459
19.439199,-4.1728659
19.45507,-4.175694
19.458916,-4.1785297
19.459398,-4.1813736
19.459738,-4.1842299
19.46137,-4.1870899
19.463318,-4.1899586
19.465857,-4.1928353
19.46977,-4.1957245
19.470236,-4.1986179
19.470491,-4.2015195
19.471914,-4.2044301
19.480879,-4.2073526
19.483055,-4.2102799
19.491257,-4.2132158
19.496138,-4.2161603
19.507868,-4.2191176
19.511856,-4.2220798
19.527872,-4.2250504
19.52828,-4.2280302
19.529009,-4.2310228
19.541439,-4.2340202
19.556326,-4.2370267
19.562803,-4.2400427
19.571123,-4.2430673
19.571249,-4.2461052
19.572201,-4.2491484
19.577911,-4.2522011
19.582699,-4.2552629
19.58284,-4.258338
19.584665,-4.2614188
19.585398,-4.2645092
19.58547,-4.2676086
19.586573,-4.2707224
19.58704,-4.2738414
19.587406,-4.2769704
19.590302,-4.2801089
19.593679,-4.2832618
19.607843,-4.2864203
19.608349,-4.2895889
19.614084,-4.2927675
19.614365,-4.2959609
19.614805,-4.2991595
19.619648,-4.3023691
19.621374,-4.3055887
19.630011,-4.3088183
19.633547,-4.3120632
19.649639,-4.3153143
19.650766,-4.3185759
19.653254,-4.3218484
19.656975,-4.3251357
19.668764,-4.3284297
19.66893,-4.3317342
19.669243,-4.3350501
19.671759,-4.3383813
19.671936,-4.3417192
19.675241,-4.345068
19.675623,-4.3484282
19.677061,-4.3518043
19.682163,-4.3551874
19.68475,-4.358582
19.685909,-4.3619881
19.687256,-4.3654103
19.687698,-4.3688397
19.688553,-4.3722811
19.696728,-4.3757343
19.697359,-4.379199
19.697458,-4.3826809
19.697828,-4.3861704
19.698805,-4.3896718
19.700085,-4.3931856
19.701839,-4.3967166
19.703167,-4.4002552
19.705015,-4.4038067
19.705587,-4.4073706
19.710552,-4.4109521
19.710619,-4.4145417
19.711504,-4.4181437
19.712151,-4.4217596
19.712406,-4.4253931
19.71389,-4.4290347
19.713955,-4.4326897
19.717787,-4.4363585
19.718781,-4.4400454
19.719526,-4.4437413
19.725443,-4.4474506
19.725508,-4.4511738
19.745018,-4.4549108
19.750849,-4.4586673
19.751202,-4.4624324
19.754835,-4.4662118
19.756733,-4.4700055
19.759159,-4.4738193
19.765079,-4.4776421
19.766127,-4.4814796
19.766197,-4.485332
19.766443,-4.4892044
19.766548,-4.4930868
19.766933,-4.496984
19.772545,-4.5008965
19.773825,-4.5048299
19.776661,-4.5087733
19.779491,-4.5127325
19.78191,-4.5167074
19.784204,-4.5207038
19.788094,-4.5247102
19.791651,-4.5287333
19.793581,-4.5327721
19.793722,-4.5368276
19.796579,-4.5409055
19.797945,-4.5449939
19.800472,-4.5490994
19.812092,-4.5532217
19.821693,-4.5573668
19.823448,-4.5615234
19.82687,-4.5656977
19.831156,-4.5698891
19.835091,-4.5741038
19.835588,-4.578331
19.841379,-4.5825758
19.843206,-4.5868387
19.851248,-4.591126
19.854506,-4.5954256
19.872684,-4.5997438
19.873501,-4.6040812
19.879358,-4.6084428
19.885012,-4.6128178
19.890459,-4.6172118
19.892328,-4.6216254
19.89258,-4.6260586
19.897457,-4.6305175
19.90015,-4.6349907
19.901886,-4.6394835
19.906446,-4.6439967
19.907478,-4.6485367
19.90871,-4.653091
19.910799,-4.6576662
19.917986,-4.6622624
19.922268,-4.6668859
19.926542,-4.671525
19.926575,-4.6761856
19.930607,-4.6808677
19.933294,-4.6855783
19.934477,-4.6903052
19.936623,-4.6950541
19.944408,-4.6998258
19.948103,-4.704627
19.948912,-4.709445
19.9545,-4.7142859
19.967657,-4.7191505
19.970982,-4.7240386
19.97171,-4.7289581
19.978416,-4.7338948
19.978613,-4.7388558
19.980692,-4.7438416
19.981594,-4.7488594
19.982224,-4.7538958
19.984499,-4.7589574
19.995859,-4.7640448
20.012207,-4.769165
20.013687,-4.7743049
20.03063,-4.7794714
20.042994,-4.7846642
20.043692,-4.7898917
20.050655,-4.7951393
20.051756,-4.8004146
20.057013,-4.8057179
20.05854,-4.8110571
20.058796,-4.8164172
20.059923,-4.8218064
20.079317,-4.8272247
20.084394,-4.8326721
20.085531,-4.8381577
20.08733,-4.8436656
20.087778,-4.8492036
20.093014,-4.854773
20.106646,-4.8603811
20.112053,-4.8660131
20.136749,-4.8716769
20.142994,-4.8773732
20.145187,-4.8831096
20.147549,-4.8888717
20.1586,-4.8946667
20.161116,-4.900496
20.164469,-4.9063673
20.16544,-4.9122648
20.166393,-4.9181976
20.175049,-4.9241657
20.182198,-4.9301782
20.189831,-4.9362187
20.191139,-4.9422956
20.198627,-4.94841
20.19865,-4.9545617
20.200445,-4.9607601
20.216742,-4.9669886
20.224384,-4.9732561
20.229181,-4.9795632
20.230556,-4.985919
20.236465,-4.9923067
20.240206,-4.9987359
20.245323,-5.0052061
20.245653,-5.0117278
20.254677,-5.0182829
20.25956,-5.0248814
20.260176,-5.0315237
20.261093,-5.0382199
20.263407,-5.0449514
20.266455,-5.0517292
20.277983,-5.0585527
20.287455,-5.065433
20.287909,-5.072351
20.290697,-5.0793176
20.295017,-5.0863328
20.296423,-5.0933976
20.297884,-5.1005225
20.309303,-5.1076889
20.310453,-5.1149068
20.316299,-5.1221771
20.318054,-5.1295109
20.325907,-5.1368885
20.344574,-5.144321
20.348095,-5.1518092
20.349091,-5.1593642
20.349373,-5.1669664
20.350195,-5.1746268
20.351133,-5.1823463
20.351313,-5.1901364
20.35549,-5.1979771
20.355747,-5.2058797
20.357443,-5.2138453
20.358189,-5.2218747
20.358332,-5.2299805
20.362688,-5.2381411
20.364805,-5.2463689
20.366858,-5.2546649
20.367237,-5.263042
20.376799,-5.2714782
20.377216,-5.2799859
20.378874,-5.2885671
20.383266,-5.2972341
20.383497,-5.3059649
20.384718,-5.3147726
20.385084,-5.3236589
20.385395,-5.3326368
20.386341,-5.3416839
20.389866,-5.3508134
20.393785,-5.3600268
20.39395,-5.369339
20.429367,-5.3787255
20.469584,-5.3882012
20.473429,-5.3977675
20.48031,-5.4074264
20.481508,-5.4171929
20.481966,-5.427042
20.484713,-5.4369888
20.485924,-5.4470358
20.487272,-5.4571991
20.496691,-5.467452
20.509274,-5.4778113
20.509912,-5.4882793
20.52235,-5.4988723
20.522869,-5.5095644
20.525511,-5.5203719
20.53606,-5.5312972
20.572037,-5.5423584
20.575367,-5.5535283
20.579679,-5.5648241
20.587025,-5.5762491
20.593801,-5.587822
20.6112,-5.5995145
20.620171,-5.6113448
20.629232,-5.6233172
20.631615,-5.6354346
20.640268,-5.6477175
20.655115,-5.6601357
20.670115,-5.6727104
20.671551,-5.6854453
20.678066,-5.6983624
20.679186,-5.7114301
20.679626,-5.7246709
20.7048,-5.7380896
20.708424,-5.7517095
20.710749,-5.7654982
20.710854,-5.77948
20.713758,-5.7936602
20.735369,-5.8080635
20.760296,-5.8226581
20.775219,-5.8374681
20.778605,-5.8525009
20.779396,-5.8677845
20.781921,-5.8832836
20.782543,-5.8990269
20.783232,-5.9150219
20.785561,-5.9312773
20.786566,-5.9478235
20.7896,-5.9646254
20.796186,-5.9817142
20.803675,-5.9991002
20.809202,-6.016818
20.823328,-6.034831
20.82358,-6.053174
20.828701,-6.0718598
20.831497,-6.0909281
20.838707,-6.1103401
20.85874,-6.130136
20.870871,-6.150332
20.877201,-6.1709728
20.878765,-6.1920195
20.884687,-6.2135191
20.891642,-6.2354903
20.892349,-6.257987
20.893518,-6.2809691
20.924318,-6.304492
20.956581,-6.3285818
20.957584,-6.3532658
20.957626,-6.3786101
20.957636,-6.4045773
20.957756,-6.4312367
20.976501,-6.4586263
20.981401,-6.4868269
21.012865,-6.5158048
21.043562,-6.5456481
21.050646,-6.5764093
21.054802,-6.6081915
21.056759,-6.6409707
21.058702,-6.6748614
21.059134,-6.7099409
21.09058,-6.7463465
21.093822,-6.7840753
21.111668,-6.8232832
21.111809,-6.8640914
21.112116,-6.9066958
21.129889,-6.9511342
21.130201,-6.9976392
21.130934,-7.0464129
21.131147,-7.0976882
21.131605,-7.1518116
21.16831,-7.208952
21.226374,-7.2695565
21.348545,-7.3340726
21.354982,-7.4031372
21.364307,-7.4772224
21.410894,-7.5572386
21.414103,-7.6442189
21.424656,-7.7396288
21.450922,-7.8449588
21.480572,-7.9627037
21.492712,-8.0961866
21.501738,-8.2504997
21.562342,-8.4327755
21.574755,-8.6558514
21.666969,-8.9434195
21.669994,-9.3493404
21.825531,-10.042488
22.127373,
